"","rep","method","coverage","alpha"
"1",1,"conf",1,0.95
"2",1,"conf",0.95,0.9
"3",1,"conf",0.9,0.85
"4",1,"conf",0.8,0.8
"5",1,"conf",0.7,0.75
"6",1,"conf",0.65,0.7
"7",1,"conf",0.65,0.65
"8",1,"conf",0.6,0.6
"9",1,"conf",0.5,0.55
"10",1,"conf",0.35,0.5
"11",1,"conf",0.2,0.45
"12",1,"conf",0.15,0.4
"13",1,"conf",0.15,0.35
"14",1,"conf",0.15,0.3
"15",1,"conf",0.1,0.25
"16",1,"conf",0.05,0.2
"17",1,"conf",0.05,0.15
"18",1,"conf",0,0.0999999999999999
"19",1,"conf",0,0.05
"20",1,"ada",0.5,0.95
"21",1,"ada",0.3,0.9
"22",1,"ada",0.4,0.85
"23",1,"ada",0.4,0.8
"24",1,"ada",0.35,0.75
"25",1,"ada",0.35,0.7
"26",1,"ada",0.25,0.65
"27",1,"ada",0.2,0.6
"28",1,"ada",0.25,0.55
"29",1,"ada",0.2,0.5
"30",1,"ada",0.05,0.45
"31",1,"ada",0,0.4
"32",1,"ada",0.15,0.35
"33",1,"ada",0.15,0.3
"34",1,"ada",0.05,0.25
"35",1,"ada",0.05,0.2
"36",1,"ada",0.1,0.15
"37",1,"ada",0,0.0999999999999999
"38",1,"ada",0,0.05
"39",2,"conf",0.95,0.95
"40",2,"conf",0.8,0.9
"41",2,"conf",0.8,0.85
"42",2,"conf",0.8,0.8
"43",2,"conf",0.75,0.75
"44",2,"conf",0.7,0.7
"45",2,"conf",0.7,0.65
"46",2,"conf",0.65,0.6
"47",2,"conf",0.5,0.55
"48",2,"conf",0.5,0.5
"49",2,"conf",0.4,0.45
"50",2,"conf",0.3,0.4
"51",2,"conf",0.2,0.35
"52",2,"conf",0.1,0.3
"53",2,"conf",0.05,0.25
"54",2,"conf",0.05,0.2
"55",2,"conf",0.05,0.15
"56",2,"conf",0,0.0999999999999999
"57",2,"conf",0,0.05
"58",2,"ada",0.65,0.95
"59",2,"ada",0.6,0.9
"60",2,"ada",0.65,0.85
"61",2,"ada",0.45,0.8
"62",2,"ada",0.5,0.75
"63",2,"ada",0.35,0.7
"64",2,"ada",0.35,0.65
"65",2,"ada",0.2,0.6
"66",2,"ada",0.25,0.55
"67",2,"ada",0.2,0.5
"68",2,"ada",0.15,0.45
"69",2,"ada",0.15,0.4
"70",2,"ada",0.1,0.35
"71",2,"ada",0.05,0.3
"72",2,"ada",0,0.25
"73",2,"ada",0,0.2
"74",2,"ada",0,0.15
"75",2,"ada",0,0.0999999999999999
"76",2,"ada",0,0.05
"77",3,"conf",1,0.95
"78",3,"conf",1,0.9
"79",3,"conf",1,0.85
"80",3,"conf",0.85,0.8
"81",3,"conf",0.75,0.75
"82",3,"conf",0.7,0.7
"83",3,"conf",0.7,0.65
"84",3,"conf",0.65,0.6
"85",3,"conf",0.6,0.55
"86",3,"conf",0.5,0.5
"87",3,"conf",0.5,0.45
"88",3,"conf",0.4,0.4
"89",3,"conf",0.3,0.35
"90",3,"conf",0.25,0.3
"91",3,"conf",0.2,0.25
"92",3,"conf",0.1,0.2
"93",3,"conf",0.1,0.15
"94",3,"conf",0.05,0.0999999999999999
"95",3,"conf",0,0.05
"96",3,"ada",0.65,0.95
"97",3,"ada",0.6,0.9
"98",3,"ada",0.25,0.85
"99",3,"ada",0.3,0.8
"100",3,"ada",0.25,0.75
"101",3,"ada",0.25,0.7
"102",3,"ada",0.3,0.65
"103",3,"ada",0.15,0.6
"104",3,"ada",0.2,0.55
"105",3,"ada",0.15,0.5
"106",3,"ada",0.2,0.45
"107",3,"ada",0.05,0.4
"108",3,"ada",0.05,0.35
"109",3,"ada",0.05,0.3
"110",3,"ada",0,0.25
"111",3,"ada",0,0.2
"112",3,"ada",0,0.15
"113",3,"ada",0,0.0999999999999999
"114",3,"ada",0,0.05
"115",4,"conf",1,0.95
"116",4,"conf",0.95,0.9
"117",4,"conf",0.85,0.85
"118",4,"conf",0.85,0.8
"119",4,"conf",0.85,0.75
"120",4,"conf",0.8,0.7
"121",4,"conf",0.65,0.65
"122",4,"conf",0.6,0.6
"123",4,"conf",0.5,0.55
"124",4,"conf",0.4,0.5
"125",4,"conf",0.4,0.45
"126",4,"conf",0.4,0.4
"127",4,"conf",0.4,0.35
"128",4,"conf",0.3,0.3
"129",4,"conf",0.15,0.25
"130",4,"conf",0.1,0.2
"131",4,"conf",0.1,0.15
"132",4,"conf",0.05,0.0999999999999999
"133",4,"conf",0,0.05
"134",4,"ada",0.75,0.95
"135",4,"ada",0.7,0.9
"136",4,"ada",0.5,0.85
"137",4,"ada",0.45,0.8
"138",4,"ada",0.15,0.75
"139",4,"ada",0.1,0.7
"140",4,"ada",0.05,0.65
"141",4,"ada",0.1,0.6
"142",4,"ada",0.15,0.55
"143",4,"ada",0.15,0.5
"144",4,"ada",0.15,0.45
"145",4,"ada",0.1,0.4
"146",4,"ada",0.05,0.35
"147",4,"ada",0.05,0.3
"148",4,"ada",0.05,0.25
"149",4,"ada",0,0.2
"150",4,"ada",0,0.15
"151",4,"ada",0,0.0999999999999999
"152",4,"ada",0,0.05
"153",5,"conf",0.85,0.95
"154",5,"conf",0.85,0.9
"155",5,"conf",0.8,0.85
"156",5,"conf",0.8,0.8
"157",5,"conf",0.65,0.75
"158",5,"conf",0.55,0.7
"159",5,"conf",0.55,0.65
"160",5,"conf",0.5,0.6
"161",5,"conf",0.45,0.55
"162",5,"conf",0.45,0.5
"163",5,"conf",0.45,0.45
"164",5,"conf",0.35,0.4
"165",5,"conf",0.3,0.35
"166",5,"conf",0.25,0.3
"167",5,"conf",0.15,0.25
"168",5,"conf",0.15,0.2
"169",5,"conf",0,0.15
"170",5,"conf",0,0.0999999999999999
"171",5,"conf",0,0.05
"172",5,"ada",0.65,0.95
"173",5,"ada",0.65,0.9
"174",5,"ada",0.5,0.85
"175",5,"ada",0.5,0.8
"176",5,"ada",0.25,0.75
"177",5,"ada",0.3,0.7
"178",5,"ada",0.2,0.65
"179",5,"ada",0.25,0.6
"180",5,"ada",0.2,0.55
"181",5,"ada",0.1,0.5
"182",5,"ada",0.05,0.45
"183",5,"ada",0.05,0.4
"184",5,"ada",0.05,0.35
"185",5,"ada",0,0.3
"186",5,"ada",0,0.25
"187",5,"ada",0.05,0.2
"188",5,"ada",0,0.15
"189",5,"ada",0,0.0999999999999999
"190",5,"ada",0,0.05
"191",6,"conf",0.95,0.95
"192",6,"conf",0.85,0.9
"193",6,"conf",0.8,0.85
"194",6,"conf",0.75,0.8
"195",6,"conf",0.7,0.75
"196",6,"conf",0.6,0.7
"197",6,"conf",0.55,0.65
"198",6,"conf",0.55,0.6
"199",6,"conf",0.4,0.55
"200",6,"conf",0.4,0.5
"201",6,"conf",0.35,0.45
"202",6,"conf",0.2,0.4
"203",6,"conf",0.15,0.35
"204",6,"conf",0.15,0.3
"205",6,"conf",0.1,0.25
"206",6,"conf",0.1,0.2
"207",6,"conf",0.1,0.15
"208",6,"conf",0.1,0.0999999999999999
"209",6,"conf",0.1,0.05
"210",6,"ada",0.5,0.95
"211",6,"ada",0.35,0.9
"212",6,"ada",0.4,0.85
"213",6,"ada",0.3,0.8
"214",6,"ada",0.25,0.75
"215",6,"ada",0.2,0.7
"216",6,"ada",0.2,0.65
"217",6,"ada",0.1,0.6
"218",6,"ada",0.2,0.55
"219",6,"ada",0.1,0.5
"220",6,"ada",0.15,0.45
"221",6,"ada",0.1,0.4
"222",6,"ada",0.1,0.35
"223",6,"ada",0.1,0.3
"224",6,"ada",0.1,0.25
"225",6,"ada",0.15,0.2
"226",6,"ada",0.1,0.15
"227",6,"ada",0.05,0.0999999999999999
"228",6,"ada",0.1,0.05
"229",7,"conf",1,0.95
"230",7,"conf",0.95,0.9
"231",7,"conf",0.9,0.85
"232",7,"conf",0.9,0.8
"233",7,"conf",0.85,0.75
"234",7,"conf",0.85,0.7
"235",7,"conf",0.85,0.65
"236",7,"conf",0.75,0.6
"237",7,"conf",0.7,0.55
"238",7,"conf",0.65,0.5
"239",7,"conf",0.6,0.45
"240",7,"conf",0.55,0.4
"241",7,"conf",0.55,0.35
"242",7,"conf",0.55,0.3
"243",7,"conf",0.45,0.25
"244",7,"conf",0.35,0.2
"245",7,"conf",0.35,0.15
"246",7,"conf",0.25,0.0999999999999999
"247",7,"conf",0.1,0.05
"248",7,"ada",0.55,0.95
"249",7,"ada",0.5,0.9
"250",7,"ada",0.5,0.85
"251",7,"ada",0.3,0.8
"252",7,"ada",0.35,0.75
"253",7,"ada",0.25,0.7
"254",7,"ada",0.25,0.65
"255",7,"ada",0.2,0.6
"256",7,"ada",0.2,0.55
"257",7,"ada",0.1,0.5
"258",7,"ada",0.05,0.45
"259",7,"ada",0.1,0.4
"260",7,"ada",0.05,0.35
"261",7,"ada",0.15,0.3
"262",7,"ada",0.05,0.25
"263",7,"ada",0.05,0.2
"264",7,"ada",0,0.15
"265",7,"ada",0,0.0999999999999999
"266",7,"ada",0,0.05
"267",8,"conf",1,0.95
"268",8,"conf",1,0.9
"269",8,"conf",1,0.85
"270",8,"conf",1,0.8
"271",8,"conf",0.85,0.75
"272",8,"conf",0.85,0.7
"273",8,"conf",0.8,0.65
"274",8,"conf",0.8,0.6
"275",8,"conf",0.75,0.55
"276",8,"conf",0.7,0.5
"277",8,"conf",0.6,0.45
"278",8,"conf",0.5,0.4
"279",8,"conf",0.5,0.35
"280",8,"conf",0.45,0.3
"281",8,"conf",0.3,0.25
"282",8,"conf",0.3,0.2
"283",8,"conf",0.2,0.15
"284",8,"conf",0.2,0.0999999999999999
"285",8,"conf",0.15,0.05
"286",8,"ada",0.7,0.95
"287",8,"ada",0.45,0.9
"288",8,"ada",0.4,0.85
"289",8,"ada",0.5,0.8
"290",8,"ada",0.4,0.75
"291",8,"ada",0.3,0.7
"292",8,"ada",0.3,0.65
"293",8,"ada",0.25,0.6
"294",8,"ada",0.2,0.55
"295",8,"ada",0.1,0.5
"296",8,"ada",0.15,0.45
"297",8,"ada",0,0.4
"298",8,"ada",0,0.35
"299",8,"ada",0.05,0.3
"300",8,"ada",0,0.25
"301",8,"ada",0,0.2
"302",8,"ada",0,0.15
"303",8,"ada",0,0.0999999999999999
"304",8,"ada",0,0.05
"305",9,"conf",0.8,0.95
"306",9,"conf",0.8,0.9
"307",9,"conf",0.8,0.85
"308",9,"conf",0.75,0.8
"309",9,"conf",0.7,0.75
"310",9,"conf",0.7,0.7
"311",9,"conf",0.6,0.65
"312",9,"conf",0.6,0.6
"313",9,"conf",0.6,0.55
"314",9,"conf",0.5,0.5
"315",9,"conf",0.5,0.45
"316",9,"conf",0.45,0.4
"317",9,"conf",0.45,0.35
"318",9,"conf",0.35,0.3
"319",9,"conf",0.35,0.25
"320",9,"conf",0.3,0.2
"321",9,"conf",0.25,0.15
"322",9,"conf",0.25,0.0999999999999999
"323",9,"conf",0.2,0.05
"324",9,"ada",0.8,0.95
"325",9,"ada",0.7,0.9
"326",9,"ada",0.3,0.85
"327",9,"ada",0.4,0.8
"328",9,"ada",0.45,0.75
"329",9,"ada",0.3,0.7
"330",9,"ada",0.25,0.65
"331",9,"ada",0.25,0.6
"332",9,"ada",0.2,0.55
"333",9,"ada",0.15,0.5
"334",9,"ada",0.25,0.45
"335",9,"ada",0.2,0.4
"336",9,"ada",0.05,0.35
"337",9,"ada",0.1,0.3
"338",9,"ada",0.05,0.25
"339",9,"ada",0.1,0.2
"340",9,"ada",0.1,0.15
"341",9,"ada",0,0.0999999999999999
"342",9,"ada",0,0.05
"343",10,"conf",0.95,0.95
"344",10,"conf",0.9,0.9
"345",10,"conf",0.75,0.85
"346",10,"conf",0.75,0.8
"347",10,"conf",0.7,0.75
"348",10,"conf",0.6,0.7
"349",10,"conf",0.6,0.65
"350",10,"conf",0.6,0.6
"351",10,"conf",0.6,0.55
"352",10,"conf",0.6,0.5
"353",10,"conf",0.55,0.45
"354",10,"conf",0.45,0.4
"355",10,"conf",0.45,0.35
"356",10,"conf",0.45,0.3
"357",10,"conf",0.45,0.25
"358",10,"conf",0.45,0.2
"359",10,"conf",0.4,0.15
"360",10,"conf",0.35,0.0999999999999999
"361",10,"conf",0.25,0.05
"362",10,"ada",0.55,0.95
"363",10,"ada",0.45,0.9
"364",10,"ada",0.35,0.85
"365",10,"ada",0.4,0.8
"366",10,"ada",0.35,0.75
"367",10,"ada",0.2,0.7
"368",10,"ada",0.3,0.65
"369",10,"ada",0.1,0.6
"370",10,"ada",0.2,0.55
"371",10,"ada",0.15,0.5
"372",10,"ada",0.05,0.45
"373",10,"ada",0.15,0.4
"374",10,"ada",0.15,0.35
"375",10,"ada",0.1,0.3
"376",10,"ada",0.05,0.25
"377",10,"ada",0.05,0.2
"378",10,"ada",0.05,0.15
"379",10,"ada",0,0.0999999999999999
"380",10,"ada",0,0.05
"381",11,"conf",1,0.95
"382",11,"conf",1,0.9
"383",11,"conf",0.9,0.85
"384",11,"conf",0.9,0.8
"385",11,"conf",0.8,0.75
"386",11,"conf",0.75,0.7
"387",11,"conf",0.55,0.65
"388",11,"conf",0.55,0.6
"389",11,"conf",0.55,0.55
"390",11,"conf",0.5,0.5
"391",11,"conf",0.4,0.45
"392",11,"conf",0.4,0.4
"393",11,"conf",0.35,0.35
"394",11,"conf",0.35,0.3
"395",11,"conf",0.25,0.25
"396",11,"conf",0.2,0.2
"397",11,"conf",0.2,0.15
"398",11,"conf",0.1,0.0999999999999999
"399",11,"conf",0.05,0.05
"400",11,"ada",0.6,0.95
"401",11,"ada",0.7,0.9
"402",11,"ada",0.55,0.85
"403",11,"ada",0.45,0.8
"404",11,"ada",0.3,0.75
"405",11,"ada",0.4,0.7
"406",11,"ada",0.1,0.65
"407",11,"ada",0.2,0.6
"408",11,"ada",0.3,0.55
"409",11,"ada",0.2,0.5
"410",11,"ada",0.2,0.45
"411",11,"ada",0.2,0.4
"412",11,"ada",0.25,0.35
"413",11,"ada",0.15,0.3
"414",11,"ada",0.2,0.25
"415",11,"ada",0.2,0.2
"416",11,"ada",0.15,0.15
"417",11,"ada",0.1,0.0999999999999999
"418",11,"ada",0,0.05
"419",12,"conf",0.95,0.95
"420",12,"conf",0.9,0.9
"421",12,"conf",0.85,0.85
"422",12,"conf",0.8,0.8
"423",12,"conf",0.75,0.75
"424",12,"conf",0.75,0.7
"425",12,"conf",0.7,0.65
"426",12,"conf",0.65,0.6
"427",12,"conf",0.65,0.55
"428",12,"conf",0.6,0.5
"429",12,"conf",0.45,0.45
"430",12,"conf",0.35,0.4
"431",12,"conf",0.35,0.35
"432",12,"conf",0.3,0.3
"433",12,"conf",0.3,0.25
"434",12,"conf",0.2,0.2
"435",12,"conf",0.15,0.15
"436",12,"conf",0.05,0.0999999999999999
"437",12,"conf",0.05,0.05
"438",12,"ada",0.4,0.95
"439",12,"ada",0.5,0.9
"440",12,"ada",0.45,0.85
"441",12,"ada",0.35,0.8
"442",12,"ada",0.4,0.75
"443",12,"ada",0.2,0.7
"444",12,"ada",0.2,0.65
"445",12,"ada",0.2,0.6
"446",12,"ada",0.15,0.55
"447",12,"ada",0.2,0.5
"448",12,"ada",0.2,0.45
"449",12,"ada",0.1,0.4
"450",12,"ada",0.05,0.35
"451",12,"ada",0.05,0.3
"452",12,"ada",0.05,0.25
"453",12,"ada",0,0.2
"454",12,"ada",0.1,0.15
"455",12,"ada",0,0.0999999999999999
"456",12,"ada",0,0.05
"457",13,"conf",0.95,0.95
"458",13,"conf",0.9,0.9
"459",13,"conf",0.85,0.85
"460",13,"conf",0.85,0.8
"461",13,"conf",0.85,0.75
"462",13,"conf",0.8,0.7
"463",13,"conf",0.7,0.65
"464",13,"conf",0.7,0.6
"465",13,"conf",0.65,0.55
"466",13,"conf",0.65,0.5
"467",13,"conf",0.65,0.45
"468",13,"conf",0.6,0.4
"469",13,"conf",0.55,0.35
"470",13,"conf",0.45,0.3
"471",13,"conf",0.4,0.25
"472",13,"conf",0.35,0.2
"473",13,"conf",0.15,0.15
"474",13,"conf",0.15,0.0999999999999999
"475",13,"conf",0.1,0.05
"476",13,"ada",0.65,0.95
"477",13,"ada",0.55,0.9
"478",13,"ada",0.45,0.85
"479",13,"ada",0.35,0.8
"480",13,"ada",0.25,0.75
"481",13,"ada",0.15,0.7
"482",13,"ada",0.05,0.65
"483",13,"ada",0.1,0.6
"484",13,"ada",0.15,0.55
"485",13,"ada",0.2,0.5
"486",13,"ada",0.2,0.45
"487",13,"ada",0.05,0.4
"488",13,"ada",0.15,0.35
"489",13,"ada",0.15,0.3
"490",13,"ada",0.15,0.25
"491",13,"ada",0.1,0.2
"492",13,"ada",0,0.15
"493",13,"ada",0.05,0.0999999999999999
"494",13,"ada",0.1,0.05
"495",14,"conf",1,0.95
"496",14,"conf",1,0.9
"497",14,"conf",1,0.85
"498",14,"conf",1,0.8
"499",14,"conf",0.85,0.75
"500",14,"conf",0.75,0.7
"501",14,"conf",0.65,0.65
"502",14,"conf",0.6,0.6
"503",14,"conf",0.55,0.55
"504",14,"conf",0.55,0.5
"505",14,"conf",0.45,0.45
"506",14,"conf",0.45,0.4
"507",14,"conf",0.4,0.35
"508",14,"conf",0.35,0.3
"509",14,"conf",0.3,0.25
"510",14,"conf",0.15,0.2
"511",14,"conf",0.1,0.15
"512",14,"conf",0,0.0999999999999999
"513",14,"conf",0,0.05
"514",14,"ada",0.55,0.95
"515",14,"ada",0.45,0.9
"516",14,"ada",0.35,0.85
"517",14,"ada",0.25,0.8
"518",14,"ada",0.45,0.75
"519",14,"ada",0.25,0.7
"520",14,"ada",0.35,0.65
"521",14,"ada",0.2,0.6
"522",14,"ada",0.1,0.55
"523",14,"ada",0.2,0.5
"524",14,"ada",0.05,0.45
"525",14,"ada",0.05,0.4
"526",14,"ada",0.05,0.35
"527",14,"ada",0.05,0.3
"528",14,"ada",0.05,0.25
"529",14,"ada",0.1,0.2
"530",14,"ada",0,0.15
"531",14,"ada",0,0.0999999999999999
"532",14,"ada",0,0.05
"533",15,"conf",0.95,0.95
"534",15,"conf",0.95,0.9
"535",15,"conf",0.95,0.85
"536",15,"conf",0.75,0.8
"537",15,"conf",0.7,0.75
"538",15,"conf",0.7,0.7
"539",15,"conf",0.7,0.65
"540",15,"conf",0.65,0.6
"541",15,"conf",0.65,0.55
"542",15,"conf",0.6,0.5
"543",15,"conf",0.45,0.45
"544",15,"conf",0.4,0.4
"545",15,"conf",0.25,0.35
"546",15,"conf",0.25,0.3
"547",15,"conf",0.15,0.25
"548",15,"conf",0.15,0.2
"549",15,"conf",0.1,0.15
"550",15,"conf",0.1,0.0999999999999999
"551",15,"conf",0.1,0.05
"552",15,"ada",0.6,0.95
"553",15,"ada",0.55,0.9
"554",15,"ada",0.6,0.85
"555",15,"ada",0.5,0.8
"556",15,"ada",0.45,0.75
"557",15,"ada",0.35,0.7
"558",15,"ada",0.1,0.65
"559",15,"ada",0.2,0.6
"560",15,"ada",0.2,0.55
"561",15,"ada",0.05,0.5
"562",15,"ada",0.15,0.45
"563",15,"ada",0.05,0.4
"564",15,"ada",0.05,0.35
"565",15,"ada",0,0.3
"566",15,"ada",0,0.25
"567",15,"ada",0,0.2
"568",15,"ada",0.1,0.15
"569",15,"ada",0,0.0999999999999999
"570",15,"ada",0,0.05
"571",16,"conf",1,0.95
"572",16,"conf",0.85,0.9
"573",16,"conf",0.8,0.85
"574",16,"conf",0.8,0.8
"575",16,"conf",0.8,0.75
"576",16,"conf",0.65,0.7
"577",16,"conf",0.65,0.65
"578",16,"conf",0.6,0.6
"579",16,"conf",0.55,0.55
"580",16,"conf",0.5,0.5
"581",16,"conf",0.4,0.45
"582",16,"conf",0.35,0.4
"583",16,"conf",0.35,0.35
"584",16,"conf",0.35,0.3
"585",16,"conf",0.3,0.25
"586",16,"conf",0.25,0.2
"587",16,"conf",0.25,0.15
"588",16,"conf",0.2,0.0999999999999999
"589",16,"conf",0.05,0.05
"590",16,"ada",0.6,0.95
"591",16,"ada",0.5,0.9
"592",16,"ada",0.3,0.85
"593",16,"ada",0.45,0.8
"594",16,"ada",0.25,0.75
"595",16,"ada",0.15,0.7
"596",16,"ada",0.1,0.65
"597",16,"ada",0.25,0.6
"598",16,"ada",0.1,0.55
"599",16,"ada",0.1,0.5
"600",16,"ada",0.1,0.45
"601",16,"ada",0.1,0.4
"602",16,"ada",0.05,0.35
"603",16,"ada",0.05,0.3
"604",16,"ada",0.05,0.25
"605",16,"ada",0.1,0.2
"606",16,"ada",0.1,0.15
"607",16,"ada",0,0.0999999999999999
"608",16,"ada",0,0.05
"609",17,"conf",1,0.95
"610",17,"conf",1,0.9
"611",17,"conf",1,0.85
"612",17,"conf",0.95,0.8
"613",17,"conf",0.95,0.75
"614",17,"conf",0.9,0.7
"615",17,"conf",0.8,0.65
"616",17,"conf",0.8,0.6
"617",17,"conf",0.7,0.55
"618",17,"conf",0.6,0.5
"619",17,"conf",0.6,0.45
"620",17,"conf",0.6,0.4
"621",17,"conf",0.5,0.35
"622",17,"conf",0.45,0.3
"623",17,"conf",0.35,0.25
"624",17,"conf",0.25,0.2
"625",17,"conf",0.2,0.15
"626",17,"conf",0.1,0.0999999999999999
"627",17,"conf",0,0.05
"628",17,"ada",0.75,0.95
"629",17,"ada",0.6,0.9
"630",17,"ada",0.5,0.85
"631",17,"ada",0.3,0.8
"632",17,"ada",0.2,0.75
"633",17,"ada",0.2,0.7
"634",17,"ada",0.15,0.65
"635",17,"ada",0.2,0.6
"636",17,"ada",0.15,0.55
"637",17,"ada",0.15,0.5
"638",17,"ada",0.2,0.45
"639",17,"ada",0.1,0.4
"640",17,"ada",0.1,0.35
"641",17,"ada",0.15,0.3
"642",17,"ada",0.05,0.25
"643",17,"ada",0,0.2
"644",17,"ada",0,0.15
"645",17,"ada",0,0.0999999999999999
"646",17,"ada",0,0.05
"647",18,"conf",1,0.95
"648",18,"conf",0.9,0.9
"649",18,"conf",0.75,0.85
"650",18,"conf",0.75,0.8
"651",18,"conf",0.7,0.75
"652",18,"conf",0.65,0.7
"653",18,"conf",0.55,0.65
"654",18,"conf",0.5,0.6
"655",18,"conf",0.4,0.55
"656",18,"conf",0.35,0.5
"657",18,"conf",0.3,0.45
"658",18,"conf",0.25,0.4
"659",18,"conf",0.25,0.35
"660",18,"conf",0.2,0.3
"661",18,"conf",0.2,0.25
"662",18,"conf",0.2,0.2
"663",18,"conf",0.15,0.15
"664",18,"conf",0.05,0.0999999999999999
"665",18,"conf",0,0.05
"666",18,"ada",0.6,0.95
"667",18,"ada",0.5,0.9
"668",18,"ada",0.5,0.85
"669",18,"ada",0.35,0.8
"670",18,"ada",0.35,0.75
"671",18,"ada",0.3,0.7
"672",18,"ada",0.2,0.65
"673",18,"ada",0.2,0.6
"674",18,"ada",0.15,0.55
"675",18,"ada",0.2,0.5
"676",18,"ada",0.2,0.45
"677",18,"ada",0.15,0.4
"678",18,"ada",0.1,0.35
"679",18,"ada",0.1,0.3
"680",18,"ada",0.05,0.25
"681",18,"ada",0,0.2
"682",18,"ada",0,0.15
"683",18,"ada",0,0.0999999999999999
"684",18,"ada",0,0.05
"685",19,"conf",0.95,0.95
"686",19,"conf",0.9,0.9
"687",19,"conf",0.9,0.85
"688",19,"conf",0.85,0.8
"689",19,"conf",0.8,0.75
"690",19,"conf",0.75,0.7
"691",19,"conf",0.75,0.65
"692",19,"conf",0.65,0.6
"693",19,"conf",0.6,0.55
"694",19,"conf",0.6,0.5
"695",19,"conf",0.55,0.45
"696",19,"conf",0.55,0.4
"697",19,"conf",0.5,0.35
"698",19,"conf",0.45,0.3
"699",19,"conf",0.45,0.25
"700",19,"conf",0.4,0.2
"701",19,"conf",0.4,0.15
"702",19,"conf",0.3,0.0999999999999999
"703",19,"conf",0.2,0.05
"704",19,"ada",0.6,0.95
"705",19,"ada",0.5,0.9
"706",19,"ada",0.2,0.85
"707",19,"ada",0.2,0.8
"708",19,"ada",0.25,0.75
"709",19,"ada",0.3,0.7
"710",19,"ada",0.25,0.65
"711",19,"ada",0.15,0.6
"712",19,"ada",0.45,0.55
"713",19,"ada",0.25,0.5
"714",19,"ada",0.35,0.45
"715",19,"ada",0.25,0.4
"716",19,"ada",0.15,0.35
"717",19,"ada",0.15,0.3
"718",19,"ada",0.15,0.25
"719",19,"ada",0.15,0.2
"720",19,"ada",0.15,0.15
"721",19,"ada",0.1,0.0999999999999999
"722",19,"ada",0.05,0.05
"723",20,"conf",0.95,0.95
"724",20,"conf",0.85,0.9
"725",20,"conf",0.85,0.85
"726",20,"conf",0.75,0.8
"727",20,"conf",0.7,0.75
"728",20,"conf",0.65,0.7
"729",20,"conf",0.6,0.65
"730",20,"conf",0.45,0.6
"731",20,"conf",0.35,0.55
"732",20,"conf",0.3,0.5
"733",20,"conf",0.3,0.45
"734",20,"conf",0.3,0.4
"735",20,"conf",0.25,0.35
"736",20,"conf",0.25,0.3
"737",20,"conf",0.25,0.25
"738",20,"conf",0.1,0.2
"739",20,"conf",0.1,0.15
"740",20,"conf",0.1,0.0999999999999999
"741",20,"conf",0.05,0.05
"742",20,"ada",0.75,0.95
"743",20,"ada",0.75,0.9
"744",20,"ada",0.55,0.85
"745",20,"ada",0.45,0.8
"746",20,"ada",0.3,0.75
"747",20,"ada",0.25,0.7
"748",20,"ada",0.35,0.65
"749",20,"ada",0.15,0.6
"750",20,"ada",0.15,0.55
"751",20,"ada",0.1,0.5
"752",20,"ada",0.05,0.45
"753",20,"ada",0,0.4
"754",20,"ada",0.05,0.35
"755",20,"ada",0,0.3
"756",20,"ada",0,0.25
"757",20,"ada",0.05,0.2
"758",20,"ada",0.05,0.15
"759",20,"ada",0,0.0999999999999999
"760",20,"ada",0,0.05
"761",21,"conf",0.95,0.95
"762",21,"conf",0.95,0.9
"763",21,"conf",0.9,0.85
"764",21,"conf",0.9,0.8
"765",21,"conf",0.8,0.75
"766",21,"conf",0.7,0.7
"767",21,"conf",0.7,0.65
"768",21,"conf",0.65,0.6
"769",21,"conf",0.6,0.55
"770",21,"conf",0.55,0.5
"771",21,"conf",0.55,0.45
"772",21,"conf",0.5,0.4
"773",21,"conf",0.4,0.35
"774",21,"conf",0.3,0.3
"775",21,"conf",0.25,0.25
"776",21,"conf",0.2,0.2
"777",21,"conf",0.2,0.15
"778",21,"conf",0.15,0.0999999999999999
"779",21,"conf",0,0.05
"780",21,"ada",0.7,0.95
"781",21,"ada",0.6,0.9
"782",21,"ada",0.45,0.85
"783",21,"ada",0.35,0.8
"784",21,"ada",0.3,0.75
"785",21,"ada",0.2,0.7
"786",21,"ada",0.05,0.65
"787",21,"ada",0.1,0.6
"788",21,"ada",0.1,0.55
"789",21,"ada",0.1,0.5
"790",21,"ada",0.25,0.45
"791",21,"ada",0.05,0.4
"792",21,"ada",0.05,0.35
"793",21,"ada",0.05,0.3
"794",21,"ada",0.05,0.25
"795",21,"ada",0.05,0.2
"796",21,"ada",0.05,0.15
"797",21,"ada",0,0.0999999999999999
"798",21,"ada",0,0.05
"799",22,"conf",1,0.95
"800",22,"conf",0.85,0.9
"801",22,"conf",0.75,0.85
"802",22,"conf",0.7,0.8
"803",22,"conf",0.6,0.75
"804",22,"conf",0.6,0.7
"805",22,"conf",0.6,0.65
"806",22,"conf",0.55,0.6
"807",22,"conf",0.55,0.55
"808",22,"conf",0.55,0.5
"809",22,"conf",0.55,0.45
"810",22,"conf",0.55,0.4
"811",22,"conf",0.55,0.35
"812",22,"conf",0.5,0.3
"813",22,"conf",0.3,0.25
"814",22,"conf",0.3,0.2
"815",22,"conf",0.15,0.15
"816",22,"conf",0.05,0.0999999999999999
"817",22,"conf",0.05,0.05
"818",22,"ada",0.6,0.95
"819",22,"ada",0.55,0.9
"820",22,"ada",0.55,0.85
"821",22,"ada",0.3,0.8
"822",22,"ada",0.35,0.75
"823",22,"ada",0.25,0.7
"824",22,"ada",0.35,0.65
"825",22,"ada",0.35,0.6
"826",22,"ada",0.2,0.55
"827",22,"ada",0.2,0.5
"828",22,"ada",0.15,0.45
"829",22,"ada",0.15,0.4
"830",22,"ada",0.15,0.35
"831",22,"ada",0.15,0.3
"832",22,"ada",0.15,0.25
"833",22,"ada",0.1,0.2
"834",22,"ada",0.1,0.15
"835",22,"ada",0.05,0.0999999999999999
"836",22,"ada",0,0.05
"837",23,"conf",1,0.95
"838",23,"conf",1,0.9
"839",23,"conf",0.95,0.85
"840",23,"conf",0.95,0.8
"841",23,"conf",0.95,0.75
"842",23,"conf",0.9,0.7
"843",23,"conf",0.8,0.65
"844",23,"conf",0.75,0.6
"845",23,"conf",0.65,0.55
"846",23,"conf",0.65,0.5
"847",23,"conf",0.5,0.45
"848",23,"conf",0.5,0.4
"849",23,"conf",0.3,0.35
"850",23,"conf",0.25,0.3
"851",23,"conf",0.2,0.25
"852",23,"conf",0.15,0.2
"853",23,"conf",0.15,0.15
"854",23,"conf",0.15,0.0999999999999999
"855",23,"conf",0.1,0.05
"856",23,"ada",0.75,0.95
"857",23,"ada",0.45,0.9
"858",23,"ada",0.55,0.85
"859",23,"ada",0.45,0.8
"860",23,"ada",0.5,0.75
"861",23,"ada",0.2,0.7
"862",23,"ada",0.35,0.65
"863",23,"ada",0.15,0.6
"864",23,"ada",0.1,0.55
"865",23,"ada",0.25,0.5
"866",23,"ada",0.15,0.45
"867",23,"ada",0.1,0.4
"868",23,"ada",0.05,0.35
"869",23,"ada",0.05,0.3
"870",23,"ada",0.05,0.25
"871",23,"ada",0.05,0.2
"872",23,"ada",0,0.15
"873",23,"ada",0,0.0999999999999999
"874",23,"ada",0,0.05
"875",24,"conf",0.95,0.95
"876",24,"conf",0.9,0.9
"877",24,"conf",0.9,0.85
"878",24,"conf",0.75,0.8
"879",24,"conf",0.7,0.75
"880",24,"conf",0.7,0.7
"881",24,"conf",0.65,0.65
"882",24,"conf",0.55,0.6
"883",24,"conf",0.5,0.55
"884",24,"conf",0.4,0.5
"885",24,"conf",0.4,0.45
"886",24,"conf",0.4,0.4
"887",24,"conf",0.4,0.35
"888",24,"conf",0.4,0.3
"889",24,"conf",0.3,0.25
"890",24,"conf",0.3,0.2
"891",24,"conf",0.25,0.15
"892",24,"conf",0.2,0.0999999999999999
"893",24,"conf",0.1,0.05
"894",24,"ada",0.65,0.95
"895",24,"ada",0.6,0.9
"896",24,"ada",0.45,0.85
"897",24,"ada",0.35,0.8
"898",24,"ada",0.25,0.75
"899",24,"ada",0.25,0.7
"900",24,"ada",0.3,0.65
"901",24,"ada",0.2,0.6
"902",24,"ada",0.25,0.55
"903",24,"ada",0.25,0.5
"904",24,"ada",0.2,0.45
"905",24,"ada",0.2,0.4
"906",24,"ada",0.2,0.35
"907",24,"ada",0.15,0.3
"908",24,"ada",0.1,0.25
"909",24,"ada",0.1,0.2
"910",24,"ada",0.05,0.15
"911",24,"ada",0,0.0999999999999999
"912",24,"ada",0,0.05
"913",25,"conf",0.95,0.95
"914",25,"conf",0.9,0.9
"915",25,"conf",0.9,0.85
"916",25,"conf",0.9,0.8
"917",25,"conf",0.9,0.75
"918",25,"conf",0.75,0.7
"919",25,"conf",0.65,0.65
"920",25,"conf",0.65,0.6
"921",25,"conf",0.6,0.55
"922",25,"conf",0.6,0.5
"923",25,"conf",0.45,0.45
"924",25,"conf",0.4,0.4
"925",25,"conf",0.2,0.35
"926",25,"conf",0.15,0.3
"927",25,"conf",0.1,0.25
"928",25,"conf",0.05,0.2
"929",25,"conf",0,0.15
"930",25,"conf",0,0.0999999999999999
"931",25,"conf",0,0.05
"932",25,"ada",0.7,0.95
"933",25,"ada",0.45,0.9
"934",25,"ada",0.45,0.85
"935",25,"ada",0.5,0.8
"936",25,"ada",0.15,0.75
"937",25,"ada",0.3,0.7
"938",25,"ada",0.05,0.65
"939",25,"ada",0.1,0.6
"940",25,"ada",0.25,0.55
"941",25,"ada",0.1,0.5
"942",25,"ada",0.15,0.45
"943",25,"ada",0.15,0.4
"944",25,"ada",0,0.35
"945",25,"ada",0.05,0.3
"946",25,"ada",0.05,0.25
"947",25,"ada",0,0.2
"948",25,"ada",0,0.15
"949",25,"ada",0,0.0999999999999999
"950",25,"ada",0,0.05
